1,Rockey Cattel,Lanot,10000
2,Rossie Whiteland,Xinsheng,10500
3,Victor Eul,Köneürgench,11000
4,Chick Feckey,Olesno,11500
5,Benjy Richardon,Yabuli,12000
6,Donnie Patching,Momignies,12500
7,Cathe Paffitt,Saint-Malo,13000
8,Alexina Basford,Monaragala,13500
9,Esma Troy,Stalís,14000
10,Aguie Andreaccio,Delgerhaan,14500
11,Gavan Philbrook,Shahrak,15000
12,Charil Reah,Páno Polemídia,15500
13,Yves Fishpoole,Mkiriwadjumoi,16000
14,Cory Yard,Velká Bystřice,16500
15,Elana Letten,Khoyniki,17000
16,Ludovico Bloomer,Jindong,17500
17,Arty Marians,Tiglauigan,18000
18,Valera Vollam,Mesker-Yurt,18500
19,Bambi Colecrough,Liuhao,19000
20,Benn Shirlaw,Tirana,19500
21,Earvin Phelit,Perdões,20000
22,Petr Kilgallen,Huangwei,20500
23,Alexandro Quarlis,Mucumpiz,21000
24,Betteanne Aylott,Rana,21500
25,Karolina Haylor,Dongsheng,22000
26,Georgeta D'Agostini,Masu,22500
27,Allegra Lubeck,Asquipata,23000
28,Nikola Waszczyk,Plácido de Castro,23500
29,Alistair Jindracek,Boden,24000
30,Malanie Windibank,Teutônia,24500
31,Romona Ben,Oral,25000
32,Corilla Adamovitch,Kista,25500
33,Perla Waterworth,Rodópoli,26000
34,Felice Duns,Napu,26500
35,Frederico Clough,Zbýšov,27000
36,Fayina Fold,San Antonio Huista,27500
37,Betty Barrett,Petoa,28000
38,Kylie Tune,Kabac,28500
39,Prinz Rubi,Tapan,29000
40,Pasquale Halpine,Piła,29500
41,Carmine Kastel,Pajoreja,30000
42,Nils Everal,Duyun,30500
43,Cherilynn Crosbie,Menlou,31000
44,Gage Jaggar,Pridraga,31500
45,Esta Fillgate,Lianran,32000
46,Angelia Holywell,Sélibabi,32500
47,Aleksandr Welton,Zaozerne,33000
48,Oliy Klimpke,Guayatá,33500
49,Justis Ettery,Songon,34000
50,Elise Gribbin,Arosbaya,34500
51,Jenda Arnaut,Geneng,35000
52,Ricki Reekie,Virginia,35500
53,Ulrikaumeko Kunkel,Khudoyelanskoye,36000
54,Bat Gooddie,Caujul,36500
55,Gwenore Trewman,Hamada,37000
56,Cris Carlaw,Pérama,37500
57,Madlen Whewell,Shishang,38000
58,Jilli Hamlet,Eg-Uur,38500
59,Marco Farra,Kangani,39000
60,Viva Grinyer,Sentul,39500
61,Jillana Kilpatrick,Miskolc,40000
62,Letizia Ludvigsen,Sallins,40500
63,Ira Landsman,Tambir,41000
64,Marcelline Dolohunty,Non Sung,41500
65,Antons Farrand,Astana,42000
66,Barbette Milroy,Sedinginan,42500
67,Stesha Haynes,Marsabit,43000
68,Jodi Ekins,Cansolungon,43500
69,Orsola Isacke,Ourozinho,44000
70,Sashenka Dominka,Wentugaole,44500
71,Valeria Morrallee,Caijiazha,45000
72,Chad Woodings,Huangjia,45500
73,Mile Skacel,Ciénaga de Oro,46000
74,Loydie Simchenko,Wuyang,46500
75,Dame Doldon,Wewit,47000
76,Clementine Stobo,Yangji,47500
77,Elane Murphy,Khoa,48000
78,Englebert Dalley,Mtubatuba,48500
79,Tedman McMullen,Banjar Tengahbelayu,49000
80,Keefe Purselow,Paseyan,49500
81,Ninetta Espinoza,Pañgobilian,50000
82,Vanya Rasmus,Fratar,50500
83,Selle Gower,Jalālābād,51000
84,Aile Kermott,Itapecerica,51500
85,Philippa Cronkshaw,Donetsk,52000
86,Holly Snyder,Na Kae,52500
87,Kath Stoppard,Nashville,53000
88,Benn Hehir,Mungui,53500
89,Rolando Dutch,Conceição do Jacuípe,54000
90,Trish Kelson,North York,54500
91,Chanda Piatek,Xinji,55000
92,Broddy Wragg,Masaran,55500
93,Sullivan Durban,Yeoju,56000
94,Vevay Bellows,Iwade,56500
95,Lottie Arbor,Seremban,57000
96,Kipp McQuode,Brinkmann,57500
97,Krystalle Entwisle,Tabuc Pontevedra,58000
98,Ricard Withers,Morelos,58500
99,Aarika Riddock,Shelopugino,59000
100,Staci Gurdon,Barili,59500
101,Reg Lugsdin,Monywa,60000
102,Leroy Jeness,Briteiros Santa Leocádia,60500
103,Kenyon Santo,Lokea,61000
104,Mureil Gisburne,Tāybād,61500
105,Kile Winders,Xaysetha,62000
106,Shelby Cullivan,Valence,62500
107,Abbye Robotham,Kraskino,63000
108,Kip Broddle,Sviadnov,63500
109,Nels Harty,Wysoka,64000
110,Bill Meas,Kifrī,64500
111,Cathleen Camings,Turba,65000
112,Emelda Gapp,Al Mukallā,65500
113,Clarisse Ostler,Infanta,66000
114,Michel Clue,Yandian,66500
115,Deloria Denton,Gorzkowice,67000
116,Adlai Bubbins,Vũ Thư,67500
117,Danell Mingaud,Armen,68000
118,Giffer Benini,Bridgewater,68500
119,Tammy Marty,Néa Mákri,69000
120,Ranee Spofforth,Karlskrona,69500
121,Jacquette Harder,Yinglan,70000
122,Andrew Lisciandro,Pedome,70500
123,Sileas Savidge,Youxi,71000
124,Alleyn de Pinna,Sainte-Anne-des-Monts,71500
125,Matthaeus Markovich,Tifni,72000
126,Gretta Burdytt,Paris 12,72500
127,Obidiah Greenless,Vista Hermosa,73000
128,Bertrando Riba,Banjar,73500
129,Nickey Thunder,Longos,74000
130,Abie Ledford,Ansermanuevo,74500
131,Belva Whitter,Miaofengshan,75000
132,Kincaid Offield,Kedungwringin,75500
133,Kevina Boeck,Pizarrete,76000
134,Ermentrude McGinnis,Sila Lat,76500
135,Gabriellia Tomowicz,Segodim,77000
136,Nady Reddoch,Pruzhany,77500
137,Maxy Edgeworth,Sison,78000
138,Reube Browse,Tatarka,78500
139,Inigo Falconbridge,Saint-Jean-de-Luz,79000
140,Si Sante,Puutura,79500
141,Helenka Barnbrook,Ḩawallī,80000
142,Coral Medwell,Santa Quitéria do Maranhão,80500
143,Damara Bassick,Halteu,81000
144,Tuck Dashkovich,Mabusag,81500
145,Laural Cassam,Gongnong,82000
146,Dory Stiell,Cimanglid,82500
147,Jacqueline Jovicic,Daiyue,83000
148,Noach MacCumeskey,Guocun,83500
149,Toby Cashin,Bergamo,84000
150,Silvia Roylance,Toshloq,84500
151,Shelby Challicum,Nevers,85000
152,Allard Treasure,Eyvān,85500
153,Vassili Hoppner,Xiaoxiang,86000
154,Umberto Hallibone,Mungui,86500
155,Colas Bottjer,Krajan Kinanti,87000
156,Anthia Feld,Krouna,87500
157,Kippar Servant,Pohrebyshche,88000
158,Betsy Treace,Arevshat,88500
159,Gabriel Luckings,Joliette,89000
160,Stefan Chorley,København,89500
161,Renell Rabbage,Labrador City,90000
162,Guglielma Golsthorp,Alpūrai,90500
163,Aldric Veldens,Tangkolo,91000
164,Marv Latus,Cergy-Pontoise,91500
165,Rozalin Elliker,As Sawdā,92000
166,Rona Laughton,Tuusula,92500
167,Sandye Wooton,Manzil Bū Zalafah,93000
168,Anastassia Moulsdall,Paris 16,93500
169,Doralia Adamovitz,Bamnet Narong,94000
170,Gal Demsey,Trzciana,94500
171,Rasia Warry,Sumenep,95000
172,Almeda Shapero,Troyes,95500
173,Anatollo Mellenby,Dafengdui,96000
174,Eric Perigeaux,Corredoura,96500
175,Melamie Koomar,Rābigh,97000
176,Livy Olrenshaw,Baizhong,97500
177,Maryl Janko,Hongwei,98000
178,Dodi Fairham,Tangub,98500
179,Euell Gibbe,Pontevedra,99000
180,Cicely Danielkiewicz,Babat,99500
181,Layney Warde,Uummannaq,100000
182,Eli Lornsen,Puteaux,100500
183,Elihu Heibel,Oesao,101000
184,Fawn Alasdair,Baranusa,101500
185,Lelah Ong,Anaheim,102000
186,Tomaso Gollard,Praia,102500
187,Alyosha Passe,Ampanihy,103000
188,Candis Fairlam,Labytnangi,103500
189,Decca Ewer,Lagnieu,104000
190,Dougy Treffrey,Qinā,104500
191,Almire Silliman,Viana do Castelo,105000
192,Warden Shelford,Rūdiškės,105500
193,Raimondo Clarey,Russeifa,106000
194,Dniren Piggen,Kastsyukovichy,106500
195,Flem Chalcot,Alabug,107000
196,Farleigh Gemnett,Castlebellingham,107500
197,Jameson Sheldon,Prigrevica,108000
198,Nessi Awin,Lutoryż,108500
199,Guthrie Durham,Quaraí,109000
200,Mitzi Gilvary,Nirgua,109500
201,Rasla Chesshyre,Umbuldamar,110000
202,Reggie Spadazzi,Sępólno Krajeńskie,110500
203,Winnie Bangham,Cala,111000
204,Layton Maliffe,Tayturka,111500
205,Hasheem Dooney,Lanhe,112000
206,Hillery Philipps,Manalongon,112500
207,Jenni Tarbard,Kristiansand S,113000
208,Shantee Taye,Haczów,113500
209,Sigismondo Stainland,Posse,114000
210,Miner Scouller,Phùng,114500
211,Burtie Rye,Karney Shomron,115000
212,Kordula Abramino,Kemang,115500
213,Miof mela Dumberrill,Sidowayah Lor,116000
214,Rodina Enderwick,Zhangqiang,116500
215,Elwood Jestico,Fengcheng,117000
216,Dolli Malinson,Charlotte,117500
217,Holmes Morratt,Huicungo,118000
218,Keven Dows,Boguchar,118500
219,Emili Vaines,Bo Kluea,119000
220,Ana Bladen,Pulupandan,119500
221,Meta Huston,Quebrada de Arena,120000
222,Rainer Mangin,Ndom,120500
223,Emalia Delacroix,Banaran,121000
224,Margie Saffran,Toyohashi,121500
225,Francene Santer,Dogarmo,122000
226,Meridel Dictus,Huangtan,122500
227,Ogden Abden,Sungai,123000
228,Leonore Tottman,Guagua,123500
229,Kylila Mounce,Shahrīār,124000
230,Blythe Lomath,Chandal Bā’ī,124500
231,Hurlee Belsham,Oussivo,125000
232,Olav Rowthorne,Tefé,125500
233,Fayina Willmont,Semanding,126000
234,Hinda Farmer,Santiago,126500
235,Bonnie Hallatt,Barrinha,127000
236,Kylie Battey,Miaoya,127500
237,Clementine Grishmanov,Tsuyama,128000
238,Marji Rogeon,Nanling,128500
239,Guglielmo Bunston,Balitai,129000
240,Corly MacConnell,Gjirokastër,129500
241,Terrel Rennard,Bethel Town,130000
242,Norrie Wederell,Ipoh,130500
243,Myrtice Bamsey,Pilar,131000
244,Alberto Rosi,Chiconi,131500
245,Benjy Nuccitelli,Novhorodka,132000
246,Wang Duplan,Rotterdam,132500
247,Marcille Bendixen,Burgersfort,133000
248,Vaughn Hazel,Ampanihy,133500
249,Bendicty Tweedy,Campo Quijano,134000
250,Lilly Heinish,Tumba,134500
251,Rozina Cathrall,Tawala,135000
252,Angil Ricciardiello,Río Tercero,135500
253,Thia Lewnden,Rominimbang,136000
254,Cristy Cockshott,Núi Sập,136500
255,Cordy Maslin,Yanguan,137000
256,Charmane Trussman,Kokas,137500
257,Malinde Nowick,Hongsipu,138000
258,Drusy Hanniger,Zhendong,138500
259,Conroy Hardeman,Chikeng,139000
260,Baron Deelay,Mercedes,139500
261,Tabbi Kobes,Yantak,140000
262,Sarge Parkey,Musanze,140500
263,Darsey Barhims,Mufushan,141000
264,Earle Flower,Harar,141500
265,Maynord Maddern,Medvezh’yegorsk,142000
266,Filmore Pownall,Wilcza,142500
267,Alena Ceresa,Dmitriyevka,143000
268,Grover Murden,Wanmao,143500
269,Rahal Eccott,Anxiang,144000
270,Erinna Radford,Hà Tĩnh,144500
271,Norton Gherardi,Heyu,145000
272,Hunfredo Mayston,Karangtawar,145500
273,Oates Thunnercliff,Dzüünkharaa,146000
274,Weider Riden,Paipa,146500
275,Carrissa Bridges,Trélazé,147000
276,Roanna Shergill,Amu Gulang Baolige,147500
277,Geno Charopen,Stapleford,148000
278,Kore Buchett,Jingkou,148500
279,Daffie de Courcey,Bontang,149000
280,Libby Partleton,Guji,149500
281,Lindy McAw,Gyamco,150000
282,Eleni Arnolds,Hongtu,150500
283,Peter Daout,Būlaevo,151000
284,Rafaela Loody,New Orleans,151500
285,Culley Stickles,Banjarejo,152000
286,Griz Pohls,Mugango,152500
287,Riannon Le Jean,Souillac,153000
288,Gerhardt Keemer,El Estor,153500
289,Ginevra Klimkin,Ciomas,154000
290,Anallese Downing,Żyraków,154500
291,Grove Sheather,Ágio Pnévma,155000
292,Cecilla Dumphry,Ford,155500
293,Gavin Maasze,Coronel Fabriciano,156000
294,Kingston Harlock,Catayauan,156500
295,Tess McMearty,Liucun,157000
296,Doug Baxendale,Victoriaville,157500
297,Hardy Boobyer,Svitlovods’k,158000
298,Aubrey Sirey,Ia Kha,158500
299,Freeland Simony,Obuasi,159000
300,Westley Leborgne,Malikisi,159500
301,Leann Groven,Nagato,160000
302,Lyman Perin,Al Bayḑā’,160500
303,Darwin Puttergill,Tambangan,161000
304,Way Hartzogs,Bilajari,161500
305,Linzy Fleg,Khrebtovaya,162000
306,Gussie MacTrusty,Saint Augustine,162500
307,Ami Degan,Wonoharjo,163000
308,Jon Magister,Pantaihambawang,163500
309,Mitchael Toyer,Pejek,164000
310,Douglass Elloy,Zabrat,164500
311,Scarface Leeburn,Angoulême,165000
312,Wynn Wimlett,Villa Las Rosas,165500
313,Lindie Walewski,Jastrebarsko,166000
314,Nickolas Troyes,Kusheriki,166500
315,Shirlene Swanborrow,Despotovac,167000
316,Sallie Mingaye,Suqu,167500
317,Inness Orys,Espinillo,168000
318,Violante Tresvina,Kafr Miṣr,168500
319,Garrott Elford,Vangaindrano,169000
320,Romola Sheehy,Buôn Trấp,169500
321,Silvan Lownds,Podhum,170000
322,Lucky Yggo,Basel,170500
323,Merrile Grinstead,Bokat,171000
324,Alleen Killwick,Gonghe,171500
325,Catarina Barns,Kodamachō-kodamaminami,172000
326,Chloe Bailes,Kunda,172500
327,Franchot Akester,Krzęcin,173000
328,Tommy Biagini,Hangwula,173500
329,Jone Arstingall,Krahës,174000
330,Lanni Eblein,Sv. Anton,174500
331,Maud Halksworth,Mollās̄ānī,175000
332,Lacey Sides,Bata Tengah,175500
333,Estrella Gummory,Orléans,176000
334,Marlyn Yeude,Jiangning,176500
335,Karylin Limpkin,Khon Buri,177000
336,Derron Dimic,Cabañas,177500
337,Igor Blowick,Falun,178000
338,Tonia Mallaby,Thio,178500
339,Bryna Schwerin,Malbork,179000
340,Kylila Champain,Mambulo,179500
341,Melesa Aspinal,Krajan Gajihan,180000
342,Corenda Bovis,Lindong,180500
343,Paulette Janacek,Jasionów,181000
344,Carson Buttrick,Riosucio,181500
345,Miranda Hyman,Karangkeng,182000
346,Cal Colby,Aurillac,182500
347,Bunnie Vanacci,Beaufort,183000
348,Frannie Janway,Floreşti,183500
349,Yehudi Giriardelli,Xishaping,184000
350,Greggory Unwins,Driyorejo,184500
351,Drusie Hammand,Punkalaidun,185000
352,Dave Arrigo,Gribanovskiy,185500
353,Janek Magnus,La Trinidad,186000
354,Vanessa Kloss,Oslo,186500
355,Florry Brake,Wao,187000
356,Yoko Prest,Vale da Bajouca,187500
357,Hinda Mayes,Hannover,188000
358,Antin Palphramand,Cendagah,188500
359,Allyn Free,Petiga,189000
360,Torin Doxey,Peuara,189500
361,Isabeau Buntin,Opechenskiy Posad,190000
362,Lauretta Taverner,Dongjiao,190500
363,Madonna Cheesley,Stockholm,191000
364,Kesley Vasilischev,Shāzand,191500
365,Rudy Pinckney,Néo Psychikó,192000
366,Ethelred Hazley,Xinzhuang,192500
367,Vladamir O'Grady,Porto Martins,193000
368,Elyssa Testo,Uryupinsk,193500
369,Axe Feldberger,Pasirmukti,194000
370,Alia Wheelwright,Oleszyce,194500
371,Sacha Carlton,Smach Mean Chey,195000
372,Bendite MacCurley,Wakefield,195500
373,Jessa Andriuzzi,Gubin,196000
374,Holmes Crichten,Jinping,196500
375,Ula Harg,Babakankiray,197000
376,Aigneis Turmall,Bunut,197500
377,Babita De Mars,Kladanj,198000
378,Margaretha Oxx,Xishaqiao,198500
379,Jane Seares,Ciburial,199000
380,Ulrikaumeko McBeath,Antipino,199500
381,Sasha Ozelton,At Tibnī,200000
382,Perkin Sturman,Lixiqiao,200500
383,Bobine Risbie,Rasūlnagar,201000
384,Manda Bartolomeazzi,Cravinhos,201500
385,Ruggiero Haycroft,Volgo-Kaspiyskiy,202000
386,Gusella Noe,Sobrosa,202500
387,Rolland Sawford,Henglu,203000
388,Lita Rann,Nishishinminato,203500
389,Gottfried Waryk,Damaying,204000
390,Verge Fynn,Trollhättan,204500
391,Meg McElane,Dowr-e Rabāţ,205000
392,Orville Crowcroft,Oetuke,205500
393,Waldo Mutlow,Toulouse,206000
394,Karlyn Douglas,Mileb,206500
395,Frederica Cummins,Couva,207000
396,Lula Tilsley,Klatakan,207500
397,Clement Barlass,Cikaduen,208000
398,Irvine Dockrey,Ed,208500
399,Lurlene Ruegg,Ludvika,209000
400,Selia Cardinal,Sundsvall,209500
401,Florida Senett,Ladoang,210000
402,Vanya Haulkham,Musina,210500
403,Marjory Cogar,Qarqīn,211000
404,Anny Buxy,Ishioka,211500
405,Nolana Ellissen,Botou,212000
406,Quincy Watman,Stylída,212500
407,Titus Myles,Arrah,213000
408,Angelle Gaize,Pavlysh,213500
409,Eziechiele Elsmere,Palmeiros,214000
410,Redd Malsher,Bajo Naranjillo,214500
411,Kennith Keepence,Horka nad Moravou,215000
412,Wells McBay,Borūjerd,215500
413,Kevon St. John,São Lourenço da Mata,216000
414,Lazar Brinsford,Tarīm,216500
415,Luz Fontelles,Leipzig,217000
416,Hardy Figgen,Bamenda,217500
417,Fitzgerald Fitzmaurice,Knoxville,218000
418,Millie Whettleton,Trollhättan,218500
419,Lydon McLukie,Jorong,219000
420,Odette McAlarney,Lom Sak,219500
421,Murry Clay,Cotahuasi,220000
422,Cristi Jeste,Limbuhan,220500
423,Mira Ireland,Gugut,221000
424,Marcel McNevin,Charopó,221500
425,Bell Fantham,Taihe,222000
426,Lynett Scirman,Omsukchan,222500
427,Ivett Cloute,Thị Trấn Lâm,223000
428,Emerson Bandy,Jepuro,223500
429,Lindi Haxbie,Huaping,224000
430,Lorri Neilus,Arevshat,224500
431,Terrijo Matousek,Bełchatów,225000
432,Mona Dorgan,Intibucá,225500
433,Roseanna Milton-White,Gambo,226000
434,Harvey Senecaux,Baisha,226500
435,Dorothy Fetherstonhaugh,Várzea,227000
436,Candida Dohmann,Hengshui,227500
437,Fara Tourner,Bijia,228000
438,Avrit Percifull,Cervantes,228500
439,Drud Allam,Sundbyberg,229000
440,Ofilia Castell,Parnaíba,229500
441,Otes Speare,Birsa,230000
442,Fina Milby,Šenčur,230500
443,Theodore Dreelan,Shurugwi,231000
444,Kori Eyden,Pandaan,231500
445,Kassia Ruddlesden,Ponce,232000
446,Reggis Dumbrall,Lyon,232500
447,Archibold California,Mjölby,233000
448,Rennie Reisenstein,Bile,233500
449,Tove Shoebotham,Emiliano Zapata,234000
450,Caldwell Nunan,Cuozheqiangma,234500
451,Irwin Slorach,Quintas,235000
452,Orton Sikorski,Nggalak,235500
453,Krystle Ninnoli,San Jose,236000
454,Simone Keyhoe,Linëvo,236500
455,Rogers Crush,Cikananga,237000
456,Demeter Marling,Wewit,237500
457,Tish Blune,Alistráti,238000
458,Elke Spuner,Inyati,238500
459,Marlena Rickcord,Novaya Tavolzhanka,239000
460,Clarie Tooby,Wydminy,239500
461,Coleen Blore,Clermont-Ferrand,240000
462,Siobhan McDougald,Primorsko,240500
463,Yuri Dorro,Beddeng,241000
464,Grady Atrill,Palma De Mallorca,241500
465,Harrie Fishleigh,Bologna,242000
466,Rhiamon Richold,Raminho,242500
467,Raeann Sines,Kokologo,243000
468,Bob Weatherhill,Huanghai,243500
469,Miranda Blowfield,Nuradilovo,244000
470,Jared Sparrow,Passo Fundo,244500
471,Sumner Puig,Changfa,245000
472,Daron Phripp,Malanay,245500
473,Frederich Alderwick,Sholokhove,246000
474,Ingeberg Nani,Jiuxian,246500
475,Jethro Pietasch,Marne-la-Vallée,247000
476,Lory Causer,Örnsköldsvik,247500
477,Fredric Blaydon,Santa Rosa del Sara,248000
478,Neville Pettiward,Girardot,248500
479,Minta Sherland,Kavajë,249000
480,Marlee Coit,Charikar,249500
481,Hazlett Brisard,Sulop,250000
482,Joshuah MacEntee,Shangcai Zhongxing,250500
483,Emlynn Bulloch,Yangdian,251000
484,Editha Foldes,Diên Khánh,251500
485,Anastasia McAtamney,Dampol,252000
486,Charlie Lukovic,Aguelmous,252500
487,Donnamarie MacLennan,Póvoa de Santo António,253000
488,Carny Foulks,Aqsū,253500
489,Rickard Rawe,Cholet,254000
490,Silvana Le Frank,Huang’ao,254500
491,Sacha Ors,Sainte-Marthe-sur-le-Lac,255000
492,Kristofer Dionsetto,Bajiao,255500
493,Joby Castanaga,Stockholm,256000
494,Salomo Mabee,Doba,256500
495,Adi Bendig,Rafaḩ,257000
496,Killian Rebert,Macau,257500
497,Joey Colegate,Plaisir,258000
498,Hortense Uglow,Mitrópoli,258500
499,Tabitha Grzeskowski,San Nicolás,259000
500,Clemmie Keppel,Ibirité,259500
501,Ami Sheeres,Waco,260000
502,Temp Klulik,Changmao,260500
503,Rycca Faiers,Chengnan,261000
504,Amandie Gercke,Wonorejo,261500
505,Clovis Leve,Vrdy,262000
506,Madison Bernardeau,Osias,262500
507,Gerianna Quarrell,Pategi,263000
508,Mellicent Marcussen,Dubrovka,263500
509,Felike Tierny,Bondoboghila,264000
510,Lavina Lumly,Junbu,264500
511,Morissa Appleyard,Yabluniv,265000
512,Shelley Heersma,Sumberjo,265500
513,Angeline Blain,Sukadana Selatan,266000
514,Paddie Ruttgers,Colmeal,266500
515,Freddi Tertre,Mueang Phuket,267000
516,Elnore Ockendon,Hayang,267500
517,Deborah Gaukrodge,Sobotka,268000
518,Emmy Mawson,Sisŏphŏn,268500
519,Ricca Dionsetto,Xingang,269000
520,Kassey Hobbert,Fengkou,269500
521,Stephan Cromley,Masarayao,270000
522,Devlin Ernshaw,Pitogo,270500
523,Elihu Collingworth,Mambusao,271000
524,Marcel Lillford,Karang Tengah,271500
525,Teddy Presslee,Nanhe,272000
526,Marquita Gude,Shishi,272500
527,Anjanette MacKowle,Sheregesh,273000
528,Marcella Graber,Charlesland,273500
529,Betsy Peile,Chalu,274000
530,Kermie Kaemena,Kumamoto,274500
531,Randal Lamberti,Kwali,275000
532,Annabelle Pashler,Pingle,275500
533,Cinda Starsmeare,La Uvita,276000
534,Janifer Priver,Rungkam,276500
535,Isador Bingle,Tinawagan,277000
536,Pablo Phythean,Aubagne,277500
537,Dannye Hinkens,Gumdag,278000
538,Suzanna Turbill,General Alvear,278500
539,Archaimbaud Kilmister,As Salţ,279000
540,Hyacinthie Cockson,Tanzybey,279500
541,Danika O'Dulchonta,Ollantaytambo,280000
542,Tally Coulthart,Sydney,280500
543,Aldis Myott,Wang Saphung,281000
544,Joseph Beames,Boquira,281500
545,Massimo Knutsen,Revda,282000
546,Cam Vasyatkin,Mizi,282500
547,Hasty Handforth,Chongjin,283000
548,Andrew Bartrum,Ashibetsu,283500
549,Vivianna Alliband,Velyki Sorochyntsi,284000
550,Eustacia Gwyllt,Churubamba,284500
551,Karisa Gianasi,Gaotieling,285000
552,Ynez Dawidowicz,Aquidauana,285500
553,Maddi Slowgrove,Kotovs’k,286000
554,Molli Strevens,Nanhu,286500
555,Gabi Stirtle,Liangkou,287000
556,Alyda Nockalls,Cayenne,287500
557,Hugues Obal,Banja Luka,288000
558,Penny Gibbett,Zhongdong,288500
559,Simonette Minney,Zhuangke,289000
560,Talya Kisbee,Şaydnāyā,289500
561,Wyatan Turpin,Sosnovyy Bor,290000
562,Herc Scard,Karangkancana,290500
563,Ileana Castledine,Bay Roberts,291000
564,Nydia Giannassi,Keti Bandar,291500
565,Madge Kornel,Mangero,292000
566,Dermot Bonett,Kangmei,292500
567,Marcos Hawton,Camargo,293000
568,Mary Rickasse,Nanjie,293500
569,Paul Trice,Dachnoye,294000
570,Fredrika Rivalland,Villaguay,294500
571,Shelly Sothern,Pont-à-Mousson,295000
572,Randi Kiddye,Nanshao,295500
573,Saunder Dyhouse,Kuanda,296000
574,Sigismund Counter,Prokuplje,296500
575,Dennis Monroe,Duas Igrejas,297000
576,Kikelia Groucutt,Ganyan,297500
577,Niven Steanson,Uzlovaya,298000
578,Scarlet Nisbith,Vannes,298500
579,Ernst Minihane,Farroupilha,299000
580,Gavan Shoebotham,Sedlice,299500
581,Grayce Muzzall,Guiniculalay,300000
582,Ingunna Thrower,Kępie Żaleszańskie,300500
583,Curcio Chevis,El Espino,301000
584,Wallis Pedlar,Cha’anpu,301500
585,Fredric Hackly,Niort,302000
586,Lola Sattin,Ashchysay,302500
587,Ora Wardlaw,Pingyang,303000
588,Helen-elizabeth Grieswood,Sanligang,303500
589,Dev Dunphy,Rijeka,304000
590,Rozanne Cadwaladr,Panaytayon,304500
591,Anallese Fairpo,Trindade,305000
592,Batholomew Studart,Raczki,305500
593,Merrick Dillamore,Lesnoy,306000
594,Edd Pannett,Saint Louis,306500
595,Kendre Meere,Dulce Nombre de Culmí,307000
596,Felita Websdale,Loufan,307500
597,Hanson Mabey,Jishui,308000
598,Rossy Darwood,Kota Bharu,308500
599,Pierson Hannabus,Yeroẖam,309000
600,Demott Stroyan,Vylkove,309500
601,Chaddy Sudworth,São Bento do Sul,310000
602,Esteban Palmer,Nambalan,310500
603,Agnella Pinor,El Potrero,311000
604,Aksel Reford,Limbaan,311500
605,Jackson Moffat,Lazaro Cardenas,312000
606,Emmalyn Mabe,Ḩāfiz̧ Moghul,312500
607,Edi Hyrons,Dortmund,313000
608,Pablo Ropcke,Sirindhorn,313500
609,Peggie Matusson,Macia,314000
610,Sutherlan Ingledew,Dayong,314500
611,Keenan Fronks,Shagang,315000
612,Bendick Gostick,Veliki Grđevac,315500
613,Melina Maundrell,Hetai,316000
614,Jobey Feldmesser,Camilaca,316500
615,Vincenty Stot,Irupi,317000
616,Kelly Hirthe,Pasolapida,317500
617,Gardner Kofax,Palaiseau,318000
618,Vinnie Guilder,Haruman,318500
619,Marnia Puddicombe,Dongkengkou,319000
620,Pammi Bleesing,Vodnyy,319500
621,Peggy Walsh,Haykashen,320000
622,Sadye Bapty,Shushicë,320500
623,Hugh Balsillie,Ambositra,321000
624,Chaddy Neal,Basco,321500
625,Evered Mc Giffin,Chengfeng,322000
626,Fabien McKue,Haguenau,322500
627,Cathie Fladgate,Florida,323000
628,Ula Baynes,Lourdes,323500
629,Tybalt Bryce,Padova,324000
630,Amos Thurlbeck,Oakville,324500
631,Rufe Horley,Chrysó,325000
632,Dody Enright,Sruki,325500
633,Tammy Johann,Volksrust,326000
634,Roderick Perren,Kinatakutan,326500
635,Josie Brandreth,Longcheng,327000
636,Johannes Archell,Ubay,327500
637,Camey Irnys,Qingkenpao,328000
638,Beulah Nottle,San Ramón,328500
639,Lindon Monroe,Na Yung,329000
640,Carmita Pow,Židlochovice,329500
641,Fransisco Mutimer,Purac,330000
642,Dorice Tavener,Malvern,330500
643,Faulkner Clunie,Emiliano Zapata,331000
644,Dylan Haldene,Boneng,331500
645,Konstantin Kacheler,Lingbei,332000
646,Briant Meriguet,London,332500
647,Alaine Kintish,Cahors,333000
648,Fransisco Chasson,Dazhipo,333500
649,Elysha Devigne,Paris 19,334000
650,Liana Baselli,Dugulubgey,334500
651,Jacintha Treadway,Ruyigi,335000
652,Lurline Malbon,Safonovo,335500
653,Hunt Robertson,Venustiano Carranza,336000
654,Dalenna Drinkhall,President Roxas,336500
655,Carroll Graysmark,Miskolc,337000
656,Corri Guiducci,Aravissós,337500
657,Nap Paaso,Liuduzhai,338000
658,Dimitri Ayling,Yishui,338500
659,Dorie Dubock,Grenoble,339000
660,Minne Rayer,Sidzina,339500
661,Mitchell Shaughnessy,Oslo,340000
662,Felicio Scholl,Huolongping,340500
663,Lizabeth McQuillin,Ganyesa,341000
664,Jany Feria,Serzedelo,341500
665,Jessie Cerith,Ilhéus,342000
666,Andee Dorling,Vodyane,342500
667,Ambros Freddi,Qutun,343000
668,Lori Custy,‘Izrā,343500
669,Benny De Vaar,Leiden,344000
670,Zonda Gjerde,Mangunjaya,344500
671,Ben Walas,Jastrzębia Góra,345000
672,Kevyn Ion,Lianhe,345500
673,Brook Dooley,Jaciara,346000
674,Darnall Francesconi,Tambakbaya,346500
675,Carlotta Scroggins,Zhaobaoshan,347000
676,Martynne Gleave,Yingyang,347500
677,Ripley Holywell,Tangban,348000
678,Caleb Middle,Mapiri,348500
679,Dallas Spickett,Duki,349000
680,Maryjo Brawley,Wielbark,349500
681,Ingram Borwick,Maroúsi,350000
682,Jarib Oda,Pulautemiang,350500
683,Tuck Dooley,Runka,351000
684,Elise Wisker,Urcos,351500
685,Mandy Shower,Targuist,352000
686,Clarinda Pott,Doushaguan,352500
687,Marlee Dugan,Donggaocun,353000
688,Joni Osselton,Gejiu,353500
689,Janet Paoletti,Zhangshui,354000
690,Zacharia Cuerda,Świlcza,354500
691,Terence Udey,Ocoruro,355000
692,Emmye Bridgeman,Yauca,355500
693,Caspar Potes,Cerinza,356000
694,Tally Morland,Jiangjing,356500
695,Corliss McLellan,Arıqıran,357000
696,Phineas Vowels,Sidomulyo,357500
697,Nathanael Pugh,Batobato,358000
698,Vin Unwin,Pop Shahri,358500
699,Agretha Lightbown,Meilisi,359000
700,Kikelia Stepto,Uluarang,359500
701,Elissa Gifford,Koroyo,360000
702,Nancey Salleir,Alíartos,360500
703,Gian Bailie,Solna,361000
704,Libby Lammert,Gweru,361500
705,Ivett Josiah,Laveiras,362000
706,Davita Dallin,Stende,362500
707,Toby Bineham,Detupia,363000
708,Cornie Prydie,Shahrud,363500
709,Allayne Link,Tsaghkadzor,364000
710,Reinald Harkness,Al Ḩammāmāt,364500
711,Charmian Clemmen,Zhuting,365000
712,Wyndham Drains,Vigo,365500
713,Alleyn Zisneros,Melbourne,366000
714,Jeanelle Taile,Akhaldaba,366500
715,Vinnie Weatherill,Yili,367000
716,Lancelot Demetr,Linshi,367500
717,Carey Cordall,Köln,368000
718,Huey Hyland,Langqi,368500
719,Sofia Legg,Yaransk,369000
720,Paulina Surmon,Otradnaya,369500
721,Aguistin Nicklinson,Metz,370000
722,Birdie Rowat,Koshki,370500
723,Marcelo Yeoman,Villa Santa Rosa,371000
724,Haily Beasley,Sima,371500
725,Sidonia Grigsby,Baitu,372000
726,Jewel Buffin,Suan Luang,372500
727,Adelind Capel,Zakliczyn,373000
728,Ginger Reaveley,Jiucaizhuang,373500
729,Inna Peteri,Abbeville,374000
730,Caryl Fludder,Skoki,374500
731,Fania Durtnel,Wewit,375000
732,Humfrey Hallgarth,Springfield,375500
733,Lotty Kinker,Juripiranga,376000
734,Edeline Lys,Mopipi,376500
735,Randi Strachan,Kilimatinde,377000
736,Kimbra Cradick,Ağdam,377500
737,Eachelle Redhouse,Mardakyany,378000
738,Fancy Branche,Rancagua,378500
739,Dougy Dyment,Cengang,379000
740,Glyn Camilio,Sukadana,379500
741,Fin Tame,Maojiadian,380000
742,Melly Robertsson,Handa,380500
743,Augie Gebuhr,Balinad,381000
744,Midge Skaif,Abū Zabad,381500
745,Erich Heaffey,Asan-Maina Village,382000
746,Vally Heazel,Vänersborg,382500
747,Skipper Margetts,Goczałkowice Zdrój,383000
748,Chrisse McNutt,Shanhou,383500
749,Vivien Easthope,Queenstown,384000
750,Kriste Moss,‘Alī al Gharbī,384500
751,Justinn Fraschini,Brejieira,385000
752,Moira Jellis,Jabłonka,385500
753,Melisande Aspole,Celorico de Basto,386000
754,Ilse Manilove,Nyagla,386500
755,Rhianna Doles,Kalynivka,387000
756,Delmore Whetnell,Quzhou,387500
757,Ruperto Dhenin,Prusice,388000
758,Michel McEwen,Göteborg,388500
759,Gerhardt Kleingrub,Firminópolis,389000
760,Isador O' Hern,Santo Amaro,389500
761,Stafani Espin,Derbent,390000
762,Prince Midner,Včelná,390500
763,Dorie Poppleton,Tonosí,391000
764,Koralle Heake,Talagasari,391500
765,Griffie Pelz,Aplahoué,392000
766,Cicely Edlestone,Baishuiyang,392500
767,Rhoda Grima,Poitiers,393000
768,Konstantin Barthrup,Xiashuitou,393500
769,Moria Goss,Pulilan,394000
770,Sarina Huggen,Aksha,394500
771,Germain Hilley,Zarechnyy,395000
772,Guthrey Caunt,Vila Fria,395500
773,Frieda Chattey,Kalumpang,396000
774,Jerome Tramel,Vsevolozhsk,396500
775,Lauren Taft,Bogatynia,397000
776,Ethelda Cathery,San Sebastián,397500
777,Ardenia Samsin,Lanzhong,398000
778,Blane McDunlevy,Ziniaré,398500
779,Yettie Bloodworthe,Varėna,399000
780,Stephie Moxom,Nagornyy,399500
781,Claudina Andreone,Hengduo,400000
782,Silvain Dillintone,Goworowo,400500
783,Sue Finlow,Dobrica,401000
784,Cello Bowry,Iset’,401500
785,Yurik Behnen,Itsandzéni,402000
786,Caressa Baumaier,Athabasca,402500
787,Darcey Spinozzi,Longgang,403000
788,Celene Belton,Villa Serrano,403500
789,Garnet Boyall,Xinzha,404000
790,Beryle Seal,Koudougou,404500
791,Conrado Loughead,Xhafzotaj,405000
792,Igor Sotham,Thới Bình,405500
793,Ganny Gouldthorp,Bansko,406000
794,Tiffy Espinoza,Yuhuangding,406500
795,Pauly Halfhyde,Sępopol,407000
796,Dorry Crutchfield,Kawangkoan,407500
797,Gregorio Lanfer,Corgo,408000
798,Bearnard Porson,Drammen,408500
799,Lani Gresty,Qinggang,409000
800,Annecorinne Billison,Khao Kho,409500
801,Zora Pennings,Bāft,410000
802,Ellynn Faers,Machinga,410500
803,Dacia Muzzullo,Shuizhai,411000
804,Hershel Summerell,Pizarrete,411500
805,Heida Shevlane,Langkap,412000
806,Jammal Dewhurst,Xianghu,412500
807,Cori Antonsen,Woodford Hill,413000
808,Darcey Cranch,Tsimlyansk,413500
809,Cristi Gledhall,Randu,414000
810,Tobie Dennington,Leran Wetan,414500
811,Padriac Sigfrid,Palmas,415000
812,Matthus Cottel,Konibodom,415500
813,Cleavland Extal,Towa,416000
814,Ashil Cuncarr,La Paz,416500
815,Reginauld Oneal,Takanosu,417000
816,Ignacius Harget,Mitake,417500
817,Norah Waren,Grekan,418000
818,Sharron Vannoort,Bahaodi,418500
819,Jephthah Hudspith,Shuixi,419000
820,Yorgos Clipsham,Tagbacan Ibaba,419500
821,Amory Hullyer,Niška Banja,420000
822,Justinian Grills,Middelburg,420500
823,Trudie Laurent,Hai Riêng,421000
824,Park Gainsford,‘Ibrī,421500
825,Jordanna Sturrock,Gununganyar,422000
826,Christy Embleton,Hou’an,422500
827,Zeke Heare,Zimmi,423000
828,Ferd Ratke,Sanjing,423500
829,Danya Harome,Wuluo,424000
830,Moise Shemelt,Baitoa,424500
831,Tallulah Jellman,Shanggu,425000
832,Laird Rhubottom,Solčava,425500
833,Minette Artrick,Mzuzu,426000
834,Fletcher Billingsly,Banhā,426500
835,Willdon Martynikhin,Qarqania,427000
836,El Janning,Živinice,427500
837,Veronika Beades,El Retorno,428000
838,Rubi Ballchin,Carigara,428500
839,Alyse Sein,Chengnan,429000
840,Joann Aldine,Liuzhi,429500
841,Fran Bowerbank,Wenceslao Escalante,430000
842,Joelie Matteacci,Fernández,430500
843,Murdock Fellenor,Lamam,431000
844,Barrett Benwell,Kallíthiron,431500
845,Ray Soldi,Tyresö,432000
846,Marie-ann Wallen,Padhahegha,432500
847,Nessy Birchenhead,Usab,433000
848,Jorie Zorener,Piterka,433500
849,Cathie Normavell,Nobinobi,434000
850,Yule Tottem,Kure,434500
851,Dorey Johnstone,Kanbula,435000
852,Berri Rotchell,Smålandsstenar,435500
853,Karee Widd,Licheń Stary,436000
854,Putnam MacShane,Quezalguaque,436500
855,Glad Lumsden,Padej,437000
856,Tasia Palke,Bombon,437500
857,Levey Lawlance,Schellenberg,438000
858,Doe Cattermull,Kabacan,438500
859,Ynes Lippett,Ilhabela,439000
860,Ambrose Inglis,Santiago,439500
861,Beale Bagshaw,Elato,440000
862,Aurore Skirlin,Jingzhou,440500
863,Basilius Bloan,Ojos de Agua,441000
864,Earle Sooper,Sauri,441500
865,Kandace Rangall,Toulouse,442000
866,Frayda Tessington,Fangjun,442500
867,Janeta Belison,Sławatycze,443000
868,Barnebas Haggus,Haoxinying,443500
869,Norry Blackburn,Mpraeso,444000
870,Sorcha Brierley,Vetluzhskiy,444500
871,Patrizio Moncreif,Huangni,445000
872,Ebony Colebourn,Saint-Priest-en-Jarez,445500
873,Bevin Kerman,Estoi,446000
874,Armin Plackstone,Longtang,446500
875,Harriette Limeburner,Canalete,447000
876,Brandtr Nana,Riolândia,447500
877,Odelinda Selwyn,Starokorsunskaya,448000
878,Darnall Gravy,Baki,448500
879,Tod Busek,Alakak,449000
880,Dona Sandercock,Ōgaki,449500
881,Tucky Sammars,Klinan,450000
882,Chickie Notti,Aghavnadzor,450500
883,Edin Chaman,Heshui,451000
884,Yasmin Allridge,Svetlyy,451500
885,Kevon Spikeings,Bergem,452000
886,Colby Murby,Khān Arnabah,452500
887,Elmira Voaden,Pocsi,453000
888,Moll Seabourne,Liudu,453500
889,Bayard Jennemann,Fucun,454000
890,Yorgo O'Hearn,Baisha,454500
891,Bailey Mantz,Pendembu,455000
892,Erie Jilkes,Hägersten,455500
893,Florella Adhams,Hecun,456000
894,Katharyn Bogace,Kojagete,456500
895,Red Stearndale,Youcheng,457000
896,Franchot Turrell,Sainte-Marthe-sur-le-Lac,457500
897,Guenna Bucklan,Suai,458000
898,Damien Coggan,Isla Pucú,458500
899,Katey William,Jingzhou,459000
900,Constancia Wittleton,Zaraza,459500
901,Nichols Doward,Aksu,460000
902,Elvis Aleksahkin,Adela,460500
903,Jodee Orrum,Mitake,461000
904,Peggy Lubbock,Bulls,461500
905,Barbabas Vorley,Chantilly,462000
906,Hyacinthie Govenlock,Kōriyama,462500
907,Darin Allison,Stoczek,463000
908,Derry Peacher,Taiping,463500
909,Sheree Skeat,Bełk,464000
910,Karlie Kleinbaum,Bato,464500
911,Phoebe Raise,Tongyang,465000
912,Gusti Saintpierre,Geshan,465500
913,Darin Allworthy,Khŭjand,466000
914,Whitby MacGaughy,Caringin,466500
915,Kinny Keighly,Vårby,467000
916,Jessee Beckles,Uglovoye,467500
917,Lauralee Fairlie,Asopós,468000
918,Wolfie Sarsons,Airdrie,468500
919,Ollie Oakden,Laban,469000
920,Kaycee Milsted,Adare,469500
921,Carlin Bener,Xufu,470000
922,Amanda Semple,Tengah,470500
923,Valli Kershow,Pacobamba,471000
924,Alleen Middle,Boyeros,471500
925,Leeann Sydall,Baishi,472000
926,Symon MacDonnell,Tignoan,472500
927,Elisa Pidcock,Bayeman,473000
928,Rog Juszkiewicz,Rača,473500
929,Wendye Santorini,Monte Azul Paulista,474000
930,Sydelle Seaking,Masḩah,474500
931,Ewen Harmar,Sholokhove,475000
932,Donal Hymans,Nusajaya,475500
933,Regina Tejada,Sedayulawas,476000
934,Charmine Deaton,Sanshui,476500
935,Layla Kerwen,Chengzhong,477000
936,Kameko Starmer,Nong Bua Lamphu,477500
937,Thom Pumfrett,Derzhavīnsk,478000
938,Aundrea Larkkem,General Conesa,478500
939,Amerigo Lappine,Al Bilād,479000
940,Meredeth Beharrell,Zhutuo,479500
941,Joline Venus,Velykyy Burluk,480000
942,Latashia Phorsby,Rāmhormoz,480500
943,Adams Espinho,La Loma,481000
944,Ericha Tacker,Klatakan,481500
945,Elianore Kubicka,Wenjiao,482000
946,Tania Doldon,Mjölby,482500
947,Cinda Synnot,Chutove,483000
948,Nariko Dixsee,Oxapampa,483500
949,Olivie Menichillo,Oxelösund,484000
950,Jeramie Fetterplace,São Domingos de Rana,484500
951,Lodovico Winnett,Lieqiao,485000
952,Phyllis Scandrick,Namyangju,485500
953,Davide Thresher,Qiling,486000
954,Avrit Seamark,Fengcheng,486500
955,Sybila Caberas,Atambua,487000
956,Alysa Cullimore,Tours,487500
957,Araldo Duffet,Bajo Naranjillo,488000
958,Delmor Kellar,Surat Thani,488500
959,Bobbie Wapol,Kota Kinabalu,489000
960,Suzette Goodyear,Bantiran,489500
961,Fanechka Skerratt,Rosmaninhal,490000
962,Nicola Dark,Oleksandriya,490500
963,Maxy Epinoy,Maracaju,491000
964,Bobina Luto,Chendian,491500
965,Hamlin Folli,Soanindrariny,492000
966,Lauree Izkovici,Artur Nogueira,492500
967,Anet Petrak,Pont-Rouge,493000
968,Ag Swayte,Morazán,493500
969,Murdoch Walesa,Brusque,494000
970,Kiersten Nafziger,Karangdalam,494500
971,Amandi Cocks,Ujazd,495000
972,Law McQuin,Shuangxi,495500
973,Boyce Bussel,Várzea Paulista,496000
974,Joseito Ranshaw,Santa Clara,496500
975,Tuckie Redon,Dzaoudzi,497000
976,Shelden Lantiff,Degeberga,497500
977,Lexine Cesconi,Khueang Nai,498000
978,Tiebold Verling,Polešovice,498500
979,Arvy Butt,Ngasinan,499000
980,Annis Paxman,Aţ Ţafīlah,499500
981,Aliza Venners,Jinhu,500000
982,Zahara Geldeard,Xique Xique,500500
983,Yorgo Gateley,Nancaicun,501000
984,Rube West-Frimley,Mölnlycke,501500
985,Bat Asser,Pirajuí,502000
986,Allix Di Ruggiero,Terong,502500
987,Marwin MacGillreich,Bantry,503000
988,Algernon Spandley,Sulūq,503500
989,Vikki Manach,Brka,504000
990,Torie Corhard,Niedźwiada,504500
991,Marillin Ethersey,Xishui,505000
992,Mickey Klimkowski,Obubra,505500
993,Sharyl Oakwood,Yelizovo,506000
994,Hinda Behan,Guangpu,506500
995,Jayne Vardy,Néa Péramos,507000
996,Burch McInnes,Utrecht (stad),507500
997,Shaina Lakin,Rucava,508000
998,Julina Keddey,Huya,508500
999,Esme Ellice,Tolotangga,509000
1000,Jolee Dahlback,Labo,509500
